Регион;Округ;Год;Наименование;№ строки; Кол-во структур, ед ; Всего кол-во сотрудников, чел ; Всего с профильным образованием ; Всего объeм финансирования, руб ; Расходы на мероприятия ; Расходы на адм функции ; Расходы на ремонт 
Алтайский край;СФО;2021;Региональные структуры по работе с молодeжью, в том числе:;28;3;79;1;121243602;68186270;52268310;789022
Алтайский край;СФО;2021;"      региональный орган
      исполнительной власти";29;1;28; -   ;34404000;7000000;27404000; -   
Алтайский край;СФО;2021;"      бюджетные
      учреждения";30;2;51;1;86839602;61186270;24864310;789022
Алтайский край;СФО;2021;Муниципальные структуры по работе с молодeжью, в том числе:;31;80;127;33;11474299;5817581;5302718;354000
Алтайский край;СФО;2021;"      муниципальные
      органы
      испольнительной власти";32;69;92;19;10204299;4903131;5141168;160000
Алтайский край;СФО;2021;"      муниципальные
      бюджетные
      учреждения";33;11;35;14;1270000;914450;161550;194000
Амурская область;ДФО;2021;Региональные структуры по работе с молодeжью, в том числе:;28;1;44; -   ;43890792;13854300;30036492; -   
Амурская область;ДФО;2021;"      региональный орган
      исполнительной власти";29;1;44; -   ;43890792;13854300;30036492; -   
Амурская область;ДФО;2021;"      бюджетные
      учреждения";30; -   ; -   ; -   ; -   ; -   ; -   ; -   
Амурская область;ДФО;2021;Муниципальные структуры по работе с молодeжью, в том числе:;31;34;77;5;50063687;9295387;27756083;13012217
Амурская область;ДФО;2021;"      муниципальные
      органы
      испольнительной власти";32;28;40;5;11122640;6559123;4563517; -   
Амурская область;ДФО;2021;"      муниципальные
      бюджетные
      учреждения";33;6;37; -   ;38941047;2736264;23192566;13012217
Архангельская область;СЗФО;2021;Региональные структуры по работе с молодeжью, в том числе:;28;5;126;44;477180826;233793800;82614026;160773000
Архангельская область;СЗФО;2021;"      региональный орган
      исполнительной власти";29;1;23;4;91594226;85017200;6577026; -   
Архангельская область;СЗФО;2021;"      бюджетные
      учреждения";30;4;103;40;385586600;148776600;76037000;160773000
Архангельская область;СЗФО;2021;Муниципальные структуры по работе с молодeжью, в том числе:;31;28;128;57;105660403;28126639;68812787;8720977
Архангельская область;СЗФО;2021;"      муниципальные
      органы
      испольнительной власти";32;25;45;18;34389164;23523141;10866023;
Архангельская область;СЗФО;2021;"      муниципальные
      бюджетные
      учреждения";33;3;83;39;71271239;4603498;57946764;8720977
Астраханская  область;ЮФО;2021;Региональные структуры по работе с молодeжью, в том числе:;28;4;119;38;87125958;32940727;54185231; -   
Астраханская  область;ЮФО;2021;"      региональный орган
      исполнительной власти";29;1;13;9;10497327;;10497327;
Астраханская  область;ЮФО;2021;"      бюджетные
      учреждения";30;3;106;29;76628631;32940727;43687904;
Астраханская  область;ЮФО;2021;Муниципальные структуры по работе с молодeжью, в том числе:;31;37;180;36;52404471;10189380;41415091;800000
Астраханская  область;ЮФО;2021;"      муниципальные
      органы
      испольнительной власти";32;11;33;2;17714081;8091679;9622402;
Астраханская  область;ЮФО;2021;"      муниципальные
      бюджетные
      учреждения";33;26;147;34;34690390;2097701;31792689;800000
Белгородская область;ЦФО;2021;Региональные структуры по работе с молодeжью, в том числе:;28;2;94;62;89048464;42682278;46366186; -   
Белгородская область;ЦФО;2021;"      региональный орган
      исполнительной власти";29;1;10;8;24298507;24298507; -   ; -   
Белгородская область;ЦФО;2021;"      бюджетные
      учреждения";30;1;84;54;64749957;18383771;46366186; -   
Белгородская область;ЦФО;2021;Муниципальные структуры по работе с молодeжью, в том числе:;31;38;177;19;94546125;22294901;72243224;8000
Белгородская область;ЦФО;2021;"      муниципальные
      органы
      испольнительной власти";32;22;71;15;43811523;16985742;26817781;8000
Белгородская область;ЦФО;2021;"      муниципальные
      бюджетные
      учреждения";33;16;106;4;50734602;5309159;45425443; -   
Брянская область;ЦФО;2021;Региональные структуры по работе с молодeжью, в том числе:;28;2;12;5;24112455;24112455; -   ; -   
Брянская область;ЦФО;2021;"      региональный орган
      исполнительной власти";29;1;7;5;18262455;18262455; -   ; -   
Брянская область;ЦФО;2021;"      бюджетные
      учреждения";30;1;5; -   ;5850000;5850000; -   ; -   
Брянская область;ЦФО;2021;Муниципальные структуры по работе с молодeжью, в том числе:;31;36;68;12;7694636;4968228;2726408; -   
Брянская область;ЦФО;2021;"      муниципальные
      органы
      испольнительной власти";32;31;48;9;7273423;4821171;2452252; -   
Брянская область;ЦФО;2021;"      муниципальные
      бюджетные
      учреждения";33;5;20;3;421213;147057;274156; -   
Владимирская область;ЦФО;2021;Региональные структуры по работе с молодeжью, в том числе:;28;1;13;1;137284;137284; -   ; -   
Владимирская область;ЦФО;2021;"      региональный орган
      исполнительной власти";29;1;13;1;137284;137284; -   ; -   
Владимирская область;ЦФО;2021;"      бюджетные
      учреждения";30; -   ; -   ; -   ; -   ; -   ; -   ; -   
Владимирская область;ЦФО;2021;Муниципальные структуры по работе с молодeжью, в том числе:;31;31;206;7;190625587;12642920;176323645;1659022
Владимирская область;ЦФО;2021;"      муниципальные
      органы
      испольнительной власти";32;16;45;2;91878291;10194697;81683594; -   
Владимирская область;ЦФО;2021;"      муниципальные
      бюджетные
      учреждения";33;15;161;5;98747296;2448223;94640051;1659022
Волгоградская область;ЮФО;2021;Региональные структуры по работе с молодeжью, в том числе:;28;5;164;55;116595610;40391710;76203900; -   
Волгоградская область;ЮФО;2021;"      региональный орган
      исполнительной власти";29;1;10;10;6144200;1675500;4468700; -   
Волгоградская область;ЮФО;2021;"      бюджетные
      учреждения";30;4;154;45;110451410;38716210;71735200; -   
Волгоградская область;ЮФО;2021;Муниципальные структуры по работе с молодeжью, в том числе:;31;163;1060;188;503740143;237071757;225742210;40926176
Волгоградская область;ЮФО;2021;"      муниципальные
      органы
      испольнительной власти";32;36;127;16;58406923;18033374;40373549; -   
Волгоградская область;ЮФО;2021;"      муниципальные
      бюджетные
      учреждения";33;127;933;172;445333220;219038383;185368661;40926176
Вологодская область;СЗФО;2021;Региональные структуры по работе с молодeжью, в том числе:;28;2;44;4;121426700;89550639;31876061; -   
Вологодская область;СЗФО;2021;"      региональный орган
      исполнительной власти";29;1;6;2; -   ;;;
Вологодская область;СЗФО;2021;"      бюджетные
      учреждения";30;1;38;2;121426700;89550639;31876061;
Вологодская область;СЗФО;2021;Муниципальные структуры по работе с молодeжью, в том числе:;31;35;99;1;44229679;13998747;29918852;312080
Вологодская область;СЗФО;2021;"      муниципальные
      органы
      испольнительной власти";32;28;37;;5185111;4852882;332229;
Вологодская область;СЗФО;2021;"      муниципальные
      бюджетные
      учреждения";33;7;62;1;39044568;9145865;29586623;312080
Воронежская область;ЦФО;2021;Региональные структуры по работе с молодeжью, в том числе:;28;2;62;6;69426951;30665929;38761022; -   
Воронежская область;ЦФО;2021;"      региональный орган
      исполнительной власти";29;1;6;;10903639;4457058;6446581; -   
Воронежская область;ЦФО;2021;"      бюджетные
      учреждения";30;1;56;6;58523312;26208871;32314441; -   
Воронежская область;ЦФО;2021;Муниципальные структуры по работе с молодeжью, в том числе:;31;46;139;12;62586960;14880594;46729566;976800
Воронежская область;ЦФО;2021;"      муниципальные
      органы
      испольнительной власти";32;40;61;11;30173126;10198061;19586765;388300
Воронежская область;ЦФО;2021;"      муниципальные
      бюджетные
      учреждения";33;6;78;1;32413834;4682533;27142801;588500
Еврейская автономная область;ДФО;2021;Региональные структуры по работе с молодeжью, в том числе:;28;2;45;10;4059306;2794836;1264470; -   
Еврейская автономная область;ДФО;2021;"      региональный орган
      исполнительной власти";29;1;5;5;1757990;643520;1114470;
Еврейская автономная область;ДФО;2021;"      бюджетные
      учреждения";30;1;40;5;2301316;2151316;150000;
Еврейская автономная область;ДФО;2021;Муниципальные структуры по работе с молодeжью, в том числе:;31;47;1502;899;6717556;6717556; -   ; -   
Еврейская автономная область;ДФО;2021;"      муниципальные
      органы
      испольнительной власти";32;6;56;50;6222856;6222856;;
Еврейская автономная область;ДФО;2021;"      муниципальные
      бюджетные
      учреждения";33;41;1446;849;494700;494700;;
Забайкальский край;ДФО;2021;Региональные структуры по работе с молодeжью, в том числе:;28;3;109;5;65735900; -   ;65735900; -   
Забайкальский край;ДФО;2021;"      региональный орган
      исполнительной власти";29;1;3; -   ; -   ; -   ; -   ; -   
Забайкальский край;ДФО;2021;"      бюджетные
      учреждения";30;2;106;5;65735900; -   ;65735900; -   
Забайкальский край;ДФО;2021;Муниципальные структуры по работе с молодeжью, в том числе:;31;35;35;12;3335000;2130000;1205000; -   
Забайкальский край;ДФО;2021;"      муниципальные
      органы
      испольнительной власти";32;35;35;12;3335000;2130000;1205000; -   
Забайкальский край;ДФО;2021;"      муниципальные
      бюджетные
      учреждения";33; -   ; -   ; -   ; -   ; -   ; -   ; -   
Ивановская область;ЦФО;2021;Региональные структуры по работе с молодeжью, в том числе:;28;1;5; -   ;6801130;4066398;2734732; -   
Ивановская область;ЦФО;2021;"      региональный орган
      исполнительной власти";29;1;5; -   ;6801130;4066398;2734732; -   
Ивановская область;ЦФО;2021;"      бюджетные
      учреждения";30; -   ; -   ; -   ; -   ; -   ; -   ; -   
Ивановская область;ЦФО;2021;Муниципальные структуры по работе с молодeжью, в том числе:;31;46;387;13;135904666;22957992;87966618;24980056
Ивановская область;ЦФО;2021;"      муниципальные
      органы
      испольнительной власти";32;27;70;7;31801931;8870974;16930457;6000500
Ивановская область;ЦФО;2021;"      муниципальные
      бюджетные
      учреждения";33;19;317;6;104102735;14087018;71036161;18979556
Иркутская область;СФО;2021;Региональные структуры по работе с молодeжью, в том числе:;28;5;139;3;221111671;89885662;128149067;3076942
Иркутская область;СФО;2021;"      региональный орган
      исполнительной власти";29;1;24; -   ;74176999;38359954;35817045; -   
Иркутская область;СФО;2021;"      бюджетные
      учреждения";30;4;115;3;146934672;51525708;92332022;3076942
Иркутская область;СФО;2021;Муниципальные структуры по работе с молодeжью, в том числе:;31;65;210;68;138228290;51958956;86269334; -   
Иркутская область;СФО;2021;"      муниципальные
      органы
      испольнительной власти";32;55;110;32;77933561;47270644;30662917; -   
Иркутская область;СФО;2021;"      муниципальные
      бюджетные
      учреждения";33;10;100;36;60294729;4688312;55606417; -   
Кабардино-Балкарская Республика;СКФО;2021;Региональные структуры по работе с молодeжью, в том числе:;28;2;43;5;17094208;6497548;10596660; -   
Кабардино-Балкарская Республика;СКФО;2021;"      региональный орган
      исполнительной власти";29;1;10; -   ;6261000;6261000;;
Кабардино-Балкарская Республика;СКФО;2021;"      бюджетные
      учреждения";30;1;33;5;10833208;236548;10596660;
Кабардино-Балкарская Республика;СКФО;2021;Муниципальные структуры по работе с молодeжью, в том числе:;31;26;83;60;3758106;947930;2810176; -   
Кабардино-Балкарская Республика;СКФО;2021;"      муниципальные
      органы
      испольнительной власти";32;22;27;6;3758106;947930;2810176;
Кабардино-Балкарская Республика;СКФО;2021;"      муниципальные
      бюджетные
      учреждения";33;4;56;54; -   ;;;
Калининградская область;СЗФО;2021;Региональные структуры по работе с молодeжью, в том числе:;28;5;68; -   ;228817997;141847700;64637297;22333000
Калининградская область;СЗФО;2021;"      региональный орган
      исполнительной власти";29;1;11;;28553637;15090160;13463477; -   
Калининградская область;СЗФО;2021;"      бюджетные
      учреждения";30;4;57; -   ;200264360;126757540;51173820;22333000
Калининградская область;СЗФО;2021;Муниципальные структуры по работе с молодeжью, в том числе:;31;39;377;9;191990329;57680298;119595791;14714240
Калининградская область;СЗФО;2021;"      муниципальные
      органы
      испольнительной власти";32;22;43;5;44225393;17935127;26290266;
Калининградская область;СЗФО;2021;"      муниципальные
      бюджетные
      учреждения";33;17;334;4;147764936;39745171;93305525;14714240
Калужская область;ЦФО;2021;Региональные структуры по работе с молодeжью, в том числе:;28;4;249;60;160750247;78510640;82239607; -   
Калужская область;ЦФО;2021;"      региональный орган
      исполнительной власти";29;1;11;4;82994649;75707540;7287109; -   
Калужская область;ЦФО;2021;"      бюджетные
      учреждения";30;3;238;56;77755598;2803100;74952498;
Калужская область;ЦФО;2021;Муниципальные структуры по работе с молодeжью, в том числе:;31;32;88;17;25912838;11825293;14087545; -   
Калужская область;ЦФО;2021;"      муниципальные
      органы
      испольнительной власти";32;26;43;7;15484171;10167065;5317106; -   
Калужская область;ЦФО;2021;"      муниципальные
      бюджетные
      учреждения";33;6;45;10;10428667;1658228;8770439;
Камчатский край;ДФО;2021;Региональные структуры по работе с молодeжью, в том числе:;28;3;79;7;240741817;119859245;120747502;135070
Камчатский край;ДФО;2021;"      региональный орган
      исполнительной власти";29;1;5;3;111127095;100135606;10991489; -   
Камчатский край;ДФО;2021;"      бюджетные
      учреждения";30;2;74;4;129614722;19723639;109756013;135070
Камчатский край;ДФО;2021;Муниципальные структуры по работе с молодeжью, в том числе:;31;16;41;2;174957691;97963359;69280334;7713998
Камчатский край;ДФО;2021;"      муниципальные
      органы
      испольнительной власти";32;14;27;1;78179334;49180682;25870902;3127750
Камчатский край;ДФО;2021;"      муниципальные
      бюджетные
      учреждения";33;2;14;1;96778357;48782677;43409432;4586248
Карачаево-Черкесская Республика;СКФО;2021;Региональные структуры по работе с молодeжью, в том числе:;28;1;11; -   ; -   ; -   ; -   ; -   
Карачаево-Черкесская Республика;СКФО;2021;"      региональный орган
      исполнительной власти";29;1;11;; -   ;;;
Карачаево-Черкесская Республика;СКФО;2021;"      бюджетные
      учреждения";30;;;; -   ;;;
Карачаево-Черкесская Республика;СКФО;2021;Муниципальные структуры по работе с молодeжью, в том числе:;31;12;24; -   ; -   ; -   ; -   ; -   
Карачаево-Черкесская Республика;СКФО;2021;"      муниципальные
      органы
      испольнительной власти";32;12;24;; -   ;;;
Карачаево-Черкесская Республика;СКФО;2021;"      муниципальные
      бюджетные
      учреждения";33;;;; -   ;;;
Кемеровская область;СФО;2021;Региональные структуры по работе с молодeжью, в том числе:;28;3;55;11;130987302;37262434;22114857;71610011
Кемеровская область;СФО;2021;"      региональный орган
      исполнительной власти";29;1;15;2;20281072;10628046;9653026; -   
Кемеровская область;СФО;2021;"      бюджетные
      учреждения";30;2;40;9;110706230;26634388;12461831;71610011
Кемеровская область;СФО;2021;Муниципальные структуры по работе с молодeжью, в том числе:;31;56;188;47;348131033;28060108;319115962;954963
Кемеровская область;СФО;2021;"      муниципальные
      органы
      испольнительной власти";32;24;59;17;39913137;9998300;29914837; -   
Кемеровская область;СФО;2021;"      муниципальные
      бюджетные
      учреждения";33;32;129;30;308217896;18061808;289201125;954963
Кировская область;ПФО;2021;Региональные структуры по работе с молодeжью, в том числе:;28;3;22;5;64102660;31688960;32413700; -   
Кировская область;ПФО;2021;"      региональный орган
      исполнительной власти";29;1;8;3;7736000; -   ;7736000; -   
Кировская область;ПФО;2021;"      бюджетные
      учреждения";30;2;14;2;56366660;31688960;24677700; -   
Кировская область;ПФО;2021;Муниципальные структуры по работе с молодeжью, в том числе:;31;49;172;21;68188431;14795501;52515020;877910
Кировская область;ПФО;2021;"      муниципальные
      органы
      испольнительной власти";32;45;87;9;31442224;14792686;15965736;683802
Кировская область;ПФО;2021;"      муниципальные
      бюджетные
      учреждения";33;4;85;12;36746207;2815;36549284;194108
Костромская область;ЦФО;2021;Региональные структуры по работе с молодeжью, в том числе:;28;3;59;14;31230084;6691968;24538116; -   
Костромская область;ЦФО;2021;"      региональный орган
      исполнительной власти";29;1;11;4;7916700;910700;7006000; -   
Костромская область;ЦФО;2021;"      бюджетные
      учреждения";30;2;48;10;23313384;5781268;17532116; -   
Костромская область;ЦФО;2021;Муниципальные структуры по работе с молодeжью, в том числе:;31;54;208;20;69707384;10405257;52464892;6837235
Костромская область;ЦФО;2021;"      муниципальные
      органы
      испольнительной власти";32;29;57;6;18960008;1877189;17082819; -   
Костромская область;ЦФО;2021;"      муниципальные
      бюджетные
      учреждения";33;25;151;14;50747376;8528068;35382073;6837235
Краснодарский край;ЮФО;2021;Региональные структуры по работе с молодeжью, в том числе:;28;5;154;62;226140464;127438483;90780767;7921214
Краснодарский край;ЮФО;2021;"      региональный орган
      исполнительной власти";29;1;11; -   ;23081411;13580000;9501411; -   
Краснодарский край;ЮФО;2021;"      бюджетные
      учреждения";30;4;143;62;203059053;113858483;81279356;7921214
Краснодарский край;ЮФО;2021;Муниципальные структуры по работе с молодeжью, в том числе:;31;123;1236;425;694951745;112905677;567683765;14362303
Краснодарский край;ЮФО;2021;"      муниципальные
      органы
      испольнительной власти";32;47;199;91;150566530;41520658;108212672;833200
Краснодарский край;ЮФО;2021;"      муниципальные
      бюджетные
      учреждения";33;76;1037;334;544385215;71385019;459471093;13529103
Красноярский край;СФО;2021;Региональные структуры по работе с молодeжью, в том числе:;28;4;315;123;1262717684;1093862111;168855573; -   
Красноярский край;СФО;2021;"      региональный орган
      исполнительной власти";29;1;35;13;783635500;733489900;50145600; -   
Красноярский край;СФО;2021;"      бюджетные
      учреждения";30;3;280;110;479082184;360372211;118709973; -   
Красноярский край;СФО;2021;Муниципальные структуры по работе с молодeжью, в том числе:;31;123;1097;409;780620235;169097514;581012066;30510655
Красноярский край;СФО;2021;"      муниципальные
      органы
      испольнительной власти";32;52;99;24;97750216;37998792;59751424; -   
Красноярский край;СФО;2021;"      муниципальные
      бюджетные
      учреждения";33;71;998;385;682870019;131098722;521260642;30510655
Курганская область;УФО;2021;Региональные структуры по работе с молодeжью, в том числе:;28;2;174;8;134547155;7561793;79824862;47160500
Курганская область;УФО;2021;"      региональный орган
      исполнительной власти";29;1;6;1;9244755;7561793;1682962; -   
Курганская область;УФО;2021;"      бюджетные
      учреждения";30;1;168;7;125302400; -   ;78141900;47160500
Курганская область;УФО;2021;Муниципальные структуры по работе с молодeжью, в том числе:;31;52;128;21;76090969;38486804;24822475;12781690
Курганская область;УФО;2021;"      муниципальные
      органы
      испольнительной власти";32;26;30;10;47287477;37205020;10064257;18200
Курганская область;УФО;2021;"      муниципальные
      бюджетные
      учреждения";33;26;98;11;28803492;1281784;14758218;12763490
Курская область;ЦФО;2021;Региональные структуры по работе с молодeжью, в том числе:;28;2;135;1;171788859;43286152;81967880;46534827
Курская область;ЦФО;2021;"      региональный орган
      исполнительной власти";29;1;15; -   ;41528399;20103552;21424847; -   
Курская область;ЦФО;2021;"      бюджетные
      учреждения";30;1;120;1;130260460;23182600;60543033;46534827
Курская область;ЦФО;2021;Муниципальные структуры по работе с молодeжью, в том числе:;31;37;153; -   ;70484217;11262727;50175077;9046413
Курская область;ЦФО;2021;"      муниципальные
      органы
      испольнительной власти";32;32;72; -   ;28174205;8999238;19174967; -   
Курская область;ЦФО;2021;"      муниципальные
      бюджетные
      учреждения";33;5;81; -   ;42310012;2263489;31000110;9046413
Ленинградская область;СЗФО;2021;Региональные структуры по работе с молодeжью, в том числе:;28;3;124;27;259318244;138473165;118225636;2619443
Ленинградская область;СЗФО;2021;"      региональный орган
      исполнительной власти";29;1;19;1;154465631;107062974;47402657; -   
Ленинградская область;СЗФО;2021;"      бюджетные
      учреждения";30;2;105;26;104852613;31410191;70822979;2619443
Ленинградская область;СЗФО;2021;Муниципальные структуры по работе с молодeжью, в том числе:;31;162;651;151;245966049;118024559;113399061;14542429
Ленинградская область;СЗФО;2021;"      муниципальные
      органы
      испольнительной власти";32;47;113;18;74092468;58497996;7674888;7919584
Ленинградская область;СЗФО;2021;"      муниципальные
      бюджетные
      учреждения";33;115;538;133;171873581;59526563;105724173;6622845
Липецкая область;ЦФО;2021;Региональные структуры по работе с молодeжью, в том числе:;28;2;50;2;59182440;21675025;37507415; -   
Липецкая область;ЦФО;2021;"      региональный орган
      исполнительной власти";29;1;4;1;7163049;4385000;2778049;
Липецкая область;ЦФО;2021;"      бюджетные
      учреждения";30;1;46;1;52019391;17290025;34729366;
Липецкая область;ЦФО;2021;Муниципальные структуры по работе с молодeжью, в том числе:;31;23;94;14;54127686;22871566;31256120; -   
Липецкая область;ЦФО;2021;"      муниципальные
      органы
      испольнительной власти";32;19;51;11;42925004;21058166;21866838; -   
Липецкая область;ЦФО;2021;"      муниципальные
      бюджетные
      учреждения";33;4;43;3;11202682;1813400;9389282; -   
Магаданская область;ДФО;2021;Региональные структуры по работе с молодeжью, в том числе:;28;2;22; -   ;137932161;107680473;29239330;1012358
Магаданская область;ДФО;2021;"      региональный орган
      исполнительной власти";29;1;7; -   ;101157205;90410200;10747005; -   
Магаданская область;ДФО;2021;"      бюджетные
      учреждения";30;1;15; -   ;36774956;17270273;18492325;1012358
Магаданская область;ДФО;2021;Муниципальные структуры по работе с молодeжью, в том числе:;31;13;92; -   ;93501523;15062876;75999051;2439596
Магаданская область;ДФО;2021;"      муниципальные
      органы
      испольнительной власти";32;9;16; -   ;33737384;13208044;20529340; -   
Магаданская область;ДФО;2021;"      муниципальные
      бюджетные
      учреждения";33;4;76; -   ;59764139;1854832;55469711;2439596
Москва;ЦФО;2021;Региональные структуры по работе с молодeжью, в том числе:;28;6;314;131;1194369386;904359740;290009646; -   
Москва;ЦФО;2021;"      региональный орган
      исполнительной власти";29;1;7;5;827759881;824116400;3643481; -   
Москва;ЦФО;2021;"      бюджетные
      учреждения";30;5;307;126;366609505;80243340;286366165; -   
Москва;ЦФО;2021;Муниципальные структуры по работе с молодeжью, в том числе:;31; -   ; -   ; -   ; -   ; -   ; -   ; -   
Москва;ЦФО;2021;"      муниципальные
      органы
      испольнительной власти";32; -   ; -   ; -   ; -   ; -   ; -   ; -   
Москва;ЦФО;2021;"      муниципальные
      бюджетные
      учреждения";33; -   ; -   ; -   ; -   ; -   ; -   ; -   
Московская область;ЦФО;2021;Региональные структуры по работе с молодeжью, в том числе:;28;2;23; -   ;96482440;55161750;41320690; -   
Московская область;ЦФО;2021;"      региональный орган
      исполнительной власти";29;1;5; -   ;47217073;36900000;10317073; -   
Московская область;ЦФО;2021;"      бюджетные
      учреждения";30;1;18; -   ;49265367;18261750;31003617; -   
Московская область;ЦФО;2021;Муниципальные структуры по работе с молодeжью, в том числе:;31;140;2201;363;1237491814;381852635;816468200;39170979
Московская область;ЦФО;2021;"      муниципальные
      органы
      испольнительной власти";32;59;182;34;142252682;94535669;47478515;238498
Московская область;ЦФО;2021;"      муниципальные
      бюджетные
      учреждения";33;81;2019;329;1095239132;287316966;768989685;38932481
Мурманская область;СЗФО;2021;Региональные структуры по работе с молодeжью, в том числе:;28;3;41;3;135245000;56608200;20114900;58521900
Мурманская область;СЗФО;2021;"      региональный орган
      исполнительной власти";29;1;11; -   ;124884500;46247700;20114900;58521900
Мурманская область;СЗФО;2021;"      бюджетные
      учреждения";30;2;30;3;10360500;10360500;;
Мурманская область;СЗФО;2021;Муниципальные структуры по работе с молодeжью, в том числе:;31;40;215;51;210069025;50358805;147281955;12428265
Мурманская область;СЗФО;2021;"      муниципальные
      органы
      испольнительной власти";32;17;26;4;36240139;13630362;19458389;3151388
Мурманская область;СЗФО;2021;"      муниципальные
      бюджетные
      учреждения";33;23;189;47;173828886;36728443;127823566;9276877
Ненецкий автономный округ;СЗФО;2021;Региональные структуры по работе с молодeжью, в том числе:;28;2;19;18;38126908;24557800;13569108; -   
Ненецкий автономный округ;СЗФО;2021;"      региональный орган
      исполнительной власти";29;1;4;4;4583708;240000;4343708; -   
Ненецкий автономный округ;СЗФО;2021;"      бюджетные
      учреждения";30;1;15;14;33543200;24317800;9225400; -   
Ненецкий автономный округ;СЗФО;2021;Муниципальные структуры по работе с молодeжью, в том числе:;31;1;2;1;692116;692116; -   ; -   
Ненецкий автономный округ;СЗФО;2021;"      муниципальные
      органы
      испольнительной власти";32;1;2;1;692116;692116; -   ; -   
Ненецкий автономный округ;СЗФО;2021;"      муниципальные
      бюджетные
      учреждения";33; -   ; -   ; -   ; -   ; -   ; -   ; -   
Нижегородская область;ПФО;2021;Региональные структуры по работе с молодeжью, в том числе:;28;4;100; -   ;119564508;74579488;44985020; -   
Нижегородская область;ПФО;2021;"      региональный орган
      исполнительной власти";29;1;10; -   ;10284349;5000000;5284349; -   
Нижегородская область;ПФО;2021;"      бюджетные
      учреждения";30;3;90; -   ;109280159;69579488;39700671; -   
Нижегородская область;ПФО;2021;Муниципальные структуры по работе с молодeжью, в том числе:;31;64;566;19;283356416;37365455;232521918;13469043
Нижегородская область;ПФО;2021;"      муниципальные
      органы
      испольнительной власти";32;52;99;19;57348683;18593328;38154173;601182
Нижегородская область;ПФО;2021;"      муниципальные
      бюджетные
      учреждения";33;12;467; -   ;226007733;18772127;194367745;12867861
Новгородская область;СЗФО;2021;Региональные структуры по работе с молодeжью, в том числе:;28;2;20;12;33482458;16233447;16376147;872864
Новгородская область;СЗФО;2021;"      региональный орган
      исполнительной власти";29;1;3;2;2083564; -   ;2083564; -   
Новгородская область;СЗФО;2021;"      бюджетные
      учреждения";30;1;17;10;31398894;16233447;14292583;872864
Новгородская область;СЗФО;2021;Муниципальные структуры по работе с молодeжью, в том числе:;31;36;164;96;97828500;4187022;82882980;10758498
Новгородская область;СЗФО;2021;"      муниципальные
      органы
      испольнительной власти";32;21;36;23;13583396;2283161;11300235; -   
Новгородская область;СЗФО;2021;"      муниципальные
      бюджетные
      учреждения";33;15;128;73;84245104;1903861;71582745;10758498
Новосибирская область;СФО;2021;Региональные структуры по работе с молодeжью, в том числе:;28;2;123;66;136125358;39208266;89611685;7305407
Новосибирская область;СФО;2021;"      региональный орган
      исполнительной власти";29;1;8;1; -   ; -   ; -   ; -   
Новосибирская область;СФО;2021;"      бюджетные
      учреждения";30;1;115;65;136125358;39208266;89611685;7305407
Новосибирская область;СФО;2021;Муниципальные структуры по работе с молодeжью, в том числе:;31;68;1289;469;155423472;30080123;121856635;3486714
Новосибирская область;СФО;2021;"      муниципальные
      органы
      испольнительной власти";32;25;53;30;24305726;7252811;17052915; -   
Новосибирская область;СФО;2021;"      муниципальные
      бюджетные
      учреждения";33;43;1236;439;131117746;22827312;104803720;3486714
Омская область;СФО;2021;Региональные структуры по работе с молодeжью, в том числе:;28;4;98;23;143842861;75634048;67937838;270975
Омская область;СФО;2021;"      региональный орган
      исполнительной власти";29;1;9;2;62990867;62547625;443242; -   
Омская область;СФО;2021;"      бюджетные
      учреждения";30;3;89;21;80851994;13086423;67494596;270975
Омская область;СФО;2021;Муниципальные структуры по работе с молодeжью, в том числе:;31;53;808;98;292569256;43567094;239082974;9919188
Омская область;СФО;2021;"      муниципальные
      органы
      испольнительной власти";32;18;50;14;22337580;7246463;13227380;1863737
Омская область;СФО;2021;"      муниципальные
      бюджетные
      учреждения";33;35;758;84;270231676;36320631;225855594;8055451
Оренбургская область;ПФО;2021;Региональные структуры по работе с молодeжью, в том числе:;28;2;59;44;191872358;147713129;42297332;1861897
Оренбургская область;ПФО;2021;"      региональный орган
      исполнительной власти";29;1;10;3;61299342;50673727;10625615; -   
Оренбургская область;ПФО;2021;"      бюджетные
      учреждения";30;1;49;41;130573016;97039402;31671717;1861897
Оренбургская область;ПФО;2021;Муниципальные структуры по работе с молодeжью, в том числе:;31;47;122;44;67261640;15522082;51739558; -   
Оренбургская область;ПФО;2021;"      муниципальные
      органы
      испольнительной власти";32;41;60;27;34719939;9259745;25460194; -   
Оренбургская область;ПФО;2021;"      муниципальные
      бюджетные
      учреждения";33;6;62;17;32541701;6262337;26279364; -   
Орловская область;ЦФО;2021;Региональные структуры по работе с молодeжью, в том числе:;28;2;57;36;22180969;19638284;2542685; -   
Орловская область;ЦФО;2021;"      региональный орган
      исполнительной власти";29;1;8;3;4290500;4290500;;
Орловская область;ЦФО;2021;"      бюджетные
      учреждения";30;1;49;33;17890469;15347784;2542685;
Орловская область;ЦФО;2021;Муниципальные структуры по работе с молодeжью, в том числе:;31;26;37;7;9304951;4275486;5029465; -   
Орловская область;ЦФО;2021;"      муниципальные
      органы
      испольнительной власти";32;26;37;7;9304951;4275486;5029465;
Орловская область;ЦФО;2021;"      муниципальные
      бюджетные
      учреждения";33;;;; -   ;;;
Пензенская область;ПФО;2021;Региональные структуры по работе с молодeжью, в том числе:;28;2;35; -   ;42949700;27561400;15388300; -   
Пензенская область;ПФО;2021;"      региональный орган
      исполнительной власти";29;1;4; -   ;25347300;25347300; -   ; -   
Пензенская область;ПФО;2021;"      бюджетные
      учреждения";30;1;31; -   ;17602400;2214100;15388300; -   
Пензенская область;ПФО;2021;Муниципальные структуры по работе с молодeжью, в том числе:;31;30;97;3;18696369;6326338;12370031; -   
Пензенская область;ПФО;2021;"      муниципальные
      органы
      испольнительной власти";32;28;31; -   ;6859521;4949338;1910183; -   
Пензенская область;ПФО;2021;"      муниципальные
      бюджетные
      учреждения";33;2;66;3;11836848;1377000;10459848; -   
Пермский край;ПФО;2021;Региональные структуры по работе с молодeжью, в том числе:;28;2;8;8;91740761;82276278;9464483; -   
Пермский край;ПФО;2021;"      региональный орган
      исполнительной власти";29;1;4;4;24764862;20860000;3904862; -   
Пермский край;ПФО;2021;"      бюджетные
      учреждения";30;1;4;4;66975899;61416278;5559621; -   
Пермский край;ПФО;2021;Муниципальные структуры по работе с молодeжью, в том числе:;31;53;283;21;226868880;130154816;76959281;19754783
Пермский край;ПФО;2021;"      муниципальные
      органы
      испольнительной власти";32;42;90;11;71237191;58317451;11209150;1710590
Пермский край;ПФО;2021;"      муниципальные
      бюджетные
      учреждения";33;11;193;10;155631689;71837365;65750131;18044193
Приморский край;ДФО;2021;Региональные структуры по работе с молодeжью, в том числе:;28;2;23; -   ;77354646;42006085;35348561; -   
Приморский край;ДФО;2021;"      региональный орган
      исполнительной власти";29;1;10; -   ;30018094;17375923;12642171;
Приморский край;ДФО;2021;"      бюджетные
      учреждения";30;1;13; -   ;47336552;24630162;22706390;
Приморский край;ДФО;2021;Муниципальные структуры по работе с молодeжью, в том числе:;31;124;1385;286;616267464;43522242;538756944;33988278
Приморский край;ДФО;2021;"      муниципальные
      органы
      испольнительной власти";32;30;68;12;76057369;33080621;39074147;3902601
Приморский край;ДФО;2021;"      муниципальные
      бюджетные
      учреждения";33;94;1317;274;540210095;10441621;499682797;30085677
Псковская область;СЗФО;2021;Региональные структуры по работе с молодeжью, в том числе:;28;2;35;16;90410056;11877743;78318690;213623
Псковская область;СЗФО;2021;"      региональный орган
      исполнительной власти";29;1;9;2;74707000;6548000;68159000; -   
Псковская область;СЗФО;2021;"      бюджетные
      учреждения";30;1;26;14;15703056;5329743;10159690;213623
Псковская область;СЗФО;2021;Муниципальные структуры по работе с молодeжью, в том числе:;31;33;77;8;31777461;10681571;19959651;1136239
Псковская область;СЗФО;2021;"      муниципальные
      органы
      испольнительной власти";32;12;23;2;9657110;7156859;2500251;
Псковская область;СЗФО;2021;"      муниципальные
      бюджетные
      учреждения";33;21;54;6;22120351;3524712;17459400;1136239
Республика Адыгея;ЮФО;2021;Региональные структуры по работе с молодeжью, в том числе:;28;2;9; -   ;15132030;10805100;4326930; -   
Республика Адыгея;ЮФО;2021;"      региональный орган
      исполнительной власти";29;1;4; -   ;14586530;10805100;3781430; -   
Республика Адыгея;ЮФО;2021;"      бюджетные
      учреждения";30;1;5; -   ;545500; -   ;545500; -   
Республика Адыгея;ЮФО;2021;Муниципальные структуры по работе с молодeжью, в том числе:;31;10;35; -   ;18963800;3933200;15030600; -   
Республика Адыгея;ЮФО;2021;"      муниципальные
      органы
      испольнительной власти";32;9;18; -   ;12746800;3933200;8813600; -   
Республика Адыгея;ЮФО;2021;"      муниципальные
      бюджетные
      учреждения";33;1;17; -   ;6217000;;6217000;
Республика Алтай;СФО;2021;Региональные структуры по работе с молодeжью, в том числе:;28;2;16;16;17277500;8755940;8521560; -   
Республика Алтай;СФО;2021;"      региональный орган
      исполнительной власти";29;1;2;2; -   ; -   ; -   ; -   
Республика Алтай;СФО;2021;"      бюджетные
      учреждения";30;1;14;14;17277500;8755940;8521560; -   
Республика Алтай;СФО;2021;Муниципальные структуры по работе с молодeжью, в том числе:;31;12;37;21;9898182;2124788;7473394;300000
Республика Алтай;СФО;2021;"      муниципальные
      органы
      испольнительной власти";32;10;18;11;1920426;916915;1003511; -   
Республика Алтай;СФО;2021;"      муниципальные
      бюджетные
      учреждения";33;2;19;10;7977756;1207873;6469883;300000
Республика Башкортостан;ПФО;2021;Региональные структуры по работе с молодeжью, в том числе:;28;4;142;11;1446960660;1394550713;47170456;5239491
Республика Башкортостан;ПФО;2021;"      региональный орган
      исполнительной власти";29;1;11;3;780106534;773495210;6611324; -   
Республика Башкортостан;ПФО;2021;"      бюджетные
      учреждения";30;3;131;8;666854126;621055503;40559132;5239491
Республика Башкортостан;ПФО;2021;Муниципальные структуры по работе с молодeжью, в том числе:;31;135;1293;278;807046672;644354229;109612299;53080144
Республика Башкортостан;ПФО;2021;"      муниципальные
      органы
      испольнительной власти";32;70;137;43;71721208;37430764;34290444; -   
Республика Башкортостан;ПФО;2021;"      муниципальные
      бюджетные
      учреждения";33;65;1156;235;735325464;606923465;75321855;53080144
Республика Бурятия;ДФО;2021;Региональные структуры по работе с молодeжью, в том числе:;28;2;23; -   ;29572099;18434728;11137371; -   
Республика Бурятия;ДФО;2021;"      региональный орган
      исполнительной власти";29;1;7; -   ;2954371;2580000;374371; -   
Республика Бурятия;ДФО;2021;"      бюджетные
      учреждения";30;1;16; -   ;26617728;15854728;10763000; -   
Республика Бурятия;ДФО;2021;Муниципальные структуры по работе с молодeжью, в том числе:;31;24;33; -   ;12181309;11038158;1143151; -   
Республика Бурятия;ДФО;2021;"      муниципальные
      органы
      испольнительной власти";32;23;32; -   ;11038158;11038158;; -   
Республика Бурятия;ДФО;2021;"      муниципальные
      бюджетные
      учреждения";33;1;1; -   ;1143151;;1143151; -   
Республика Дагестан;СКФО;2021;Региональные структуры по работе с молодeжью, в том числе:;28;2;63;30;77407363;44142317;32059406;1205640
Республика Дагестан;СКФО;2021;"      региональный орган
      исполнительной власти";29;1;22;20;49591146;24519500;23866006;1205640
Республика Дагестан;СКФО;2021;"      бюджетные
      учреждения";30;1;41;10;27816217;19622817;8193400; -   
Республика Дагестан;СКФО;2021;Муниципальные структуры по работе с молодeжью, в том числе:;31;60;173; -   ;60339600;60339600; -   ; -   
Республика Дагестан;СКФО;2021;"      муниципальные
      органы
      испольнительной власти";32;52;113; -   ;60339600;60339600; -   ; -   
Республика Дагестан;СКФО;2021;"      муниципальные
      бюджетные
      учреждения";33;8;60; -   ; -   ; -   ; -   ; -   
Республика Ингушетия;СКФО;2021;Региональные структуры по работе с молодeжью, в том числе:;28;2;46;43;20109459;5350000;14759459; -   
Республика Ингушетия;СКФО;2021;"      региональный орган
      исполнительной власти";29;1;13;10;11715400;5350000;6365400; -   
Республика Ингушетия;СКФО;2021;"      бюджетные
      учреждения";30;1;33;33;8394059; -   ;8394059; -   
Республика Ингушетия;СКФО;2021;Муниципальные структуры по работе с молодeжью, в том числе:;31; -   ; -   ; -   ; -   ; -   ; -   ; -   
Республика Ингушетия;СКФО;2021;"      муниципальные
      органы
      испольнительной власти";32; -   ; -   ; -   ; -   ; -   ; -   ; -   
Республика Ингушетия;СКФО;2021;"      муниципальные
      бюджетные
      учреждения";33; -   ; -   ; -   ; -   ; -   ; -   ; -   
Республика Калмыкия;ЮФО;2021;Региональные структуры по работе с молодeжью, в том числе:;28;2;56;1;15612668;2125705;13486963; -   
Республика Калмыкия;ЮФО;2021;"      региональный орган
      исполнительной власти";29;1;23;1;3772380;;3772380; -   
Республика Калмыкия;ЮФО;2021;"      бюджетные
      учреждения";30;1;33;;11840288;2125705;9714583; -   
Республика Калмыкия;ЮФО;2021;Муниципальные структуры по работе с молодeжью, в том числе:;31;17;77;30;12928689;750000;12178689; -   
Республика Калмыкия;ЮФО;2021;"      муниципальные
      органы
      испольнительной власти";32;14;14;;4110000;750000;3360000; -   
Республика Калмыкия;ЮФО;2021;"      муниципальные
      бюджетные
      учреждения";33;3;63;30;8818689;;8818689; -   
Республика Карелия;СЗФО;2021;Региональные структуры по работе с молодeжью, в том числе:;28;2;33;33;14000000;2100000;2264000;9636000
Республика Карелия;СЗФО;2021;"      региональный орган
      исполнительной власти";29;1;3;3; -   ; -   ; -   ; -   
Республика Карелия;СЗФО;2021;"      бюджетные
      учреждения";30;1;30;30;14000000;2100000;2264000;9636000
Республика Карелия;СЗФО;2021;Муниципальные структуры по работе с молодeжью, в том числе:;31;31;113;36;3939189;1766470;1837419;335300
Республика Карелия;СЗФО;2021;"      муниципальные
      органы
      испольнительной власти";32;10;19;5;1012745;1011564;1181; -   
Республика Карелия;СЗФО;2021;"      муниципальные
      бюджетные
      учреждения";33;21;94;31;2926444;754906;1836238;335300
Республика Коми;СЗФО;2021;Региональные структуры по работе с молодeжью, в том числе:;28;2;17; -   ;30082468;13764459;16318009; -   
Республика Коми;СЗФО;2021;"      региональный орган
      исполнительной власти";29;1;3; -   ;18800006;13361750;5438256; -   
Республика Коми;СЗФО;2021;"      бюджетные
      учреждения";30;1;14;;11282462;402709;10879753;
Республика Коми;СЗФО;2021;Муниципальные структуры по работе с молодeжью, в том числе:;31;23;80;12;48652340;18869089;29751322;31929
Республика Коми;СЗФО;2021;"      муниципальные
      органы
      испольнительной власти";32;20;46;9;35018821;18469089;16517803;31929
Республика Коми;СЗФО;2021;"      муниципальные
      бюджетные
      учреждения";33;3;34;3;13633519;400000;13233519;
Республика Крым;ЮФО;2021;Региональные структуры по работе с молодeжью, в том числе:;28;2;39; -   ;344463507;276062160;53601347;14800000
Республика Крым;ЮФО;2021;"      региональный орган
      исполнительной власти";29;1;22; -   ;289106608;265198705;23907903; -   
Республика Крым;ЮФО;2021;"      бюджетные
      учреждения";30;1;17; -   ;55356899;10863455;29693444;14800000
Республика Крым;ЮФО;2021;Муниципальные структуры по работе с молодeжью, в том числе:;31;40;309;1;46297702;5065112;30855757;10376833
Республика Крым;ЮФО;2021;"      муниципальные
      органы
      испольнительной власти";32;25;70; -   ;10005524;3677045;6328479; -   
Республика Крым;ЮФО;2021;"      муниципальные
      бюджетные
      учреждения";33;15;239;1;36292178;1388067;24527278;10376833
Республика Марий Эл;ПФО;2021;Региональные структуры по работе с молодeжью, в том числе:;28;3;103;45;80548397;31509489;39056405;9982503
Республика Марий Эл;ПФО;2021;"      региональный орган
      исполнительной власти";29;1;9;9;8218940;3566242;4652698; -   
Республика Марий Эл;ПФО;2021;"      бюджетные
      учреждения";30;2;94;36;72329457;27943247;34403707;9982503
Республика Марий Эл;ПФО;2021;Муниципальные структуры по работе с молодeжью, в том числе:;31;17;24;21;7318276;1858806;5459470; -   
Республика Марий Эл;ПФО;2021;"      муниципальные
      органы
      испольнительной власти";32;17;24;21;7318276;1858806;5459470; -   
Республика Марий Эл;ПФО;2021;"      муниципальные
      бюджетные
      учреждения";33; -   ; -   ; -   ; -   ; -   ; -   ; -   
Республика Мордовия;ПФО;2021;Региональные структуры по работе с молодeжью, в том числе:;28;2;88;32;149598830;109267000;40331830; -   
Республика Мордовия;ПФО;2021;"      региональный орган
      исполнительной власти";29;1;8;2;108508800;101289300;7219500; -   
Республика Мордовия;ПФО;2021;"      бюджетные
      учреждения";30;1;80;30;41090030;7977700;33112330; -   
Республика Мордовия;ПФО;2021;Муниципальные структуры по работе с молодeжью, в том числе:;31;21;138;9;19913083;2031283;17881800; -   
Республика Мордовия;ПФО;2021;"      муниципальные
      органы
      испольнительной власти";32;19;25; -   ;1343883;1343883; -   ; -   
Республика Мордовия;ПФО;2021;"      муниципальные
      бюджетные
      учреждения";33;2;113;9;18569200;687400;17881800; -   
Республика Саха (Якутия);ДФО;2021;Региональные структуры по работе с молодeжью, в том числе:;28;2;134;101;190918495;71393104;119525391; -   
Республика Саха (Якутия);ДФО;2021;"      региональный орган
      исполнительной власти";29;1;21;1;94076694;59353972;34722722; -   
Республика Саха (Якутия);ДФО;2021;"      бюджетные
      учреждения";30;1;113;100;96841801;12039132;84802669; -   
Республика Саха (Якутия);ДФО;2021;Муниципальные структуры по работе с молодeжью, в том числе:;31;180;336;29;77941577;42189010;35638343;114224
Республика Саха (Якутия);ДФО;2021;"      муниципальные
      органы
      испольнительной власти";32;172;311;24;60803058;33593547;27095287;114224
Республика Саха (Якутия);ДФО;2021;"      муниципальные
      бюджетные
      учреждения";33;8;25;5;17138519;8595463;8543056; -   
Республика Северная Осетия - Алания;СКФО;2021;Региональные структуры по работе с молодeжью, в том числе:;28;6;224; -   ;22281001;10434950;11846051; -   
Республика Северная Осетия - Алания;СКФО;2021;"      региональный орган
      исполнительной власти";29;1;17; -   ;16575470;8277270;8298200; -   
Республика Северная Осетия - Алания;СКФО;2021;"      бюджетные
      учреждения";30;5;207; -   ;5705531;2157680;3547851; -   
Республика Северная Осетия - Алания;СКФО;2021;Муниципальные структуры по работе с молодeжью, в том числе:;31;9;30; -   ;4624221;2238750;2385471; -   
Республика Северная Осетия - Алания;СКФО;2021;"      муниципальные
      органы
      испольнительной власти";32;9;30; -   ;4624221;2238750;2385471;
Республика Северная Осетия - Алания;СКФО;2021;"      муниципальные
      бюджетные
      учреждения";33; -   ; -   ; -   ; -   ; -   ; -   ; -   
Республика Татарстан;ПФО;2021;Региональные структуры по работе с молодeжью, в том числе:;28;13;513;194;3312045669;1558773309;391993810;1361278550
Республика Татарстан;ПФО;2021;"      региональный орган
      исполнительной власти";29;1;47;27;742904555;687466745;55437810; -   
Республика Татарстан;ПФО;2021;"      бюджетные
      учреждения";30;12;466;167;2569141114;871306564;336556000;1361278550
Республика Татарстан;ПФО;2021;Муниципальные структуры по работе с молодeжью, в том числе:;31;411;3421;2503;1087133351;54152848;1007378842;25601661
Республика Татарстан;ПФО;2021;"      муниципальные
      органы
      испольнительной власти";32;45;112;54;106750677;17076393;88854495;819789
Республика Татарстан;ПФО;2021;"      муниципальные
      бюджетные
      учреждения";33;366;3309;2449;980382674;37076455;918524347;24781872
Республика Тыва;СФО;2021;Региональные структуры по работе с молодeжью, в том числе:;28;1;7;2; -   ; -   ; -   ; -   
Республика Тыва;СФО;2021;"      региональный орган
      исполнительной власти";29;1;7;2; -   ;;;
Республика Тыва;СФО;2021;"      бюджетные
      учреждения";30;;;; -   ;;;
Республика Тыва;СФО;2021;Муниципальные структуры по работе с молодeжью, в том числе:;31;19;23; -   ; -   ; -   ; -   ; -   
Республика Тыва;СФО;2021;"      муниципальные
      органы
      испольнительной власти";32;19;23;; -   ;;;
Республика Тыва;СФО;2021;"      муниципальные
      бюджетные
      учреждения";33; -   ;;; -   ;;;
Республика Хакасия;СФО;2021;Региональные структуры по работе с молодeжью, в том числе:;28;3;53;4;3069353;1476720;1213123;379510
Республика Хакасия;СФО;2021;"      региональный орган
      исполнительной власти";29;1;1;1; -   ; -   ; -   ; -   
Республика Хакасия;СФО;2021;"      бюджетные
      учреждения";30;2;52;3;3069353;1476720;1213123;379510
Республика Хакасия;СФО;2021;Муниципальные структуры по работе с молодeжью, в том числе:;31;20;107;20;1104573;306720;769963;27890
Республика Хакасия;СФО;2021;"      муниципальные
      органы
      испольнительной власти";32;13;20;13;1089237;291384;769963;27890
Республика Хакасия;СФО;2021;"      муниципальные
      бюджетные
      учреждения";33;7;87;7;15336;15336; -   ; -   
Ростовская область;ЮФО;2021;Региональные структуры по работе с молодeжью, в том числе:;28;4;98;33;206211100;133473600;72737500; -   
Ростовская область;ЮФО;2021;"      региональный орган
      исполнительной власти";29;1;12; -   ;37092300;21702800;15389500; -   
Ростовская область;ЮФО;2021;"      бюджетные
      учреждения";30;3;86;33;169118800;111770800;57348000; -   
Ростовская область;ЮФО;2021;Муниципальные структуры по работе с молодeжью, в том числе:;31;56;183;58;43294704;29865537;13429167; -   
Ростовская область;ЮФО;2021;"      муниципальные
      органы
      испольнительной власти";32;55;148;50;29147104;24271037;4876067; -   
Ростовская область;ЮФО;2021;"      муниципальные
      бюджетные
      учреждения";33;1;35;8;14147600;5594500;8553100; -   
Рязанская область;ЦФО;2021;Региональные структуры по работе с молодeжью, в том числе:;28;3;79; -   ;66763951;12697239;41088630;12978082
Рязанская область;ЦФО;2021;"      региональный орган
      исполнительной власти";29;1;7; -   ;14408891;6820804;7588087; -   
Рязанская область;ЦФО;2021;"      бюджетные
      учреждения";30;2;72; -   ;52355060;5876435;33500543;12978082
Рязанская область;ЦФО;2021;Муниципальные структуры по работе с молодeжью, в том числе:;31;31;138; -   ;73533608;13795504;59738104; -   
Рязанская область;ЦФО;2021;"      муниципальные
      органы
      испольнительной власти";32;29;49; -   ;27641208;9729904;17911304; -   
Рязанская область;ЦФО;2021;"      муниципальные
      бюджетные
      учреждения";33;2;89; -   ;45892400;4065600;41826800; -   
Самарская область;ПФО;2021;Региональные структуры по работе с молодeжью, в том числе:;28;2;84;9;349408264;223086055;22496829;103825380
Самарская область;ПФО;2021;"      региональный орган
      исполнительной власти";29;1;14;4;175555188;159280282;16274906; -   
Самарская область;ПФО;2021;"      бюджетные
      учреждения";30;1;70;5;173853076;63805773;6221923;103825380
Самарская область;ПФО;2021;Муниципальные структуры по работе с молодeжью, в том числе:;31;85;525;73;319486197;140388072;178131006;967119
Самарская область;ПФО;2021;"      муниципальные
      органы
      испольнительной власти";32;37;137;31;94877985;55519593;39358392; -   
Самарская область;ПФО;2021;"      муниципальные
      бюджетные
      учреждения";33;48;388;42;224608212;84868479;138772614;967119
Санкт-Петербург;СЗФО;2021;Региональные структуры по работе с молодeжью, в том числе:;28;5;779;505;1202648099;733554655;418068790;51024654
Санкт-Петербург;СЗФО;2021;"      региональный орган
      исполнительной власти";29;1;47;47;413415815;324099615;88998396;317804
Санкт-Петербург;СЗФО;2021;"      бюджетные
      учреждения";30;4;732;458;789232284;409455040;329070394;50706850
Санкт-Петербург;СЗФО;2021;Муниципальные структуры по работе с молодeжью, в том числе:;31;46;3711;1527;2913831500;48840548;2538944565;326046387
Санкт-Петербург;СЗФО;2021;"      муниципальные
      органы
      испольнительной власти";32;18;68;67;14963900;14963900; -   ; -   
Санкт-Петербург;СЗФО;2021;"      муниципальные
      бюджетные
      учреждения";33;28;3643;1460;2898867600;33876648;2538944565;326046387
Саратовская область;ПФО;2021;Региональные структуры по работе с молодeжью, в том числе:;28;2;67;46;36779903;29357021;7422882; -   
Саратовская область;ПФО;2021;"      региональный орган
      исполнительной власти";29;1;5;2;11469311;7218493;4250818; -   
Саратовская область;ПФО;2021;"      бюджетные
      учреждения";30;1;62;44;25310592;22138528;3172064; -   
Саратовская область;ПФО;2021;Муниципальные структуры по работе с молодeжью, в том числе:;31;42;342;171;50944781;3751785;47192996; -   
Саратовская область;ПФО;2021;"      муниципальные
      органы
      испольнительной власти";32;36;69;10;10364461;2836085;7528376; -   
Саратовская область;ПФО;2021;"      муниципальные
      бюджетные
      учреждения";33;6;273;161;40580320;915700;39664620; -   
Сахалинская область;ДФО;2021;Региональные структуры по работе с молодeжью, в том числе:;28;2;36;1;363763700;265656100;98107600; -   
Сахалинская область;ДФО;2021;"      региональный орган
      исполнительной власти";29;1;6; -   ;264157800;205742000;58415800; -   
Сахалинская область;ДФО;2021;"      бюджетные
      учреждения";30;1;30;1;99605900;59914100;39691800; -   
Сахалинская область;ДФО;2021;Муниципальные структуры по работе с молодeжью, в том числе:;31;20;69;23;100626298;42874109;57752189; -   
Сахалинская область;ДФО;2021;"      муниципальные
      органы
      испольнительной власти";32;18;27;4;50897898;31884809;19013089; -   
Сахалинская область;ДФО;2021;"      муниципальные
      бюджетные
      учреждения";33;2;42;19;49728400;10989300;38739100; -   
Свердловская область;УФО;2021;Региональные структуры по работе с молодeжью, в том числе:;28;3;115;36;122460490;75875138;46585352; -   
Свердловская область;УФО;2021;"      региональный орган
      исполнительной власти";29;1;12;2;68785649;46519500;22266149; -   
Свердловская область;УФО;2021;"      бюджетные
      учреждения";30;2;103;34;53674841;29355638;24319203; -   
Свердловская область;УФО;2021;Муниципальные структуры по работе с молодeжью, в том числе:;31;108;988;223;505766802;107750376;369633753;28382673
Свердловская область;УФО;2021;"      муниципальные
      органы
      испольнительной власти";32;45;111;42;58987561;22833848;36153713; -   
Свердловская область;УФО;2021;"      муниципальные
      бюджетные
      учреждения";33;63;877;181;446779241;84916528;333480040;28382673
Севастополь;ЮФО;2021;Региональные структуры по работе с молодeжью, в том числе:;28;2;198;3;34967600;33803700;1163900; -   
Севастополь;ЮФО;2021;"      региональный орган
      исполнительной власти";29;1;31;3;4400000;4400000; -   ; -   
Севастополь;ЮФО;2021;"      бюджетные
      учреждения";30;1;167; -   ;30567600;29403700;1163900; -   
Севастополь;ЮФО;2021;Муниципальные структуры по работе с молодeжью, в том числе:;31;10;13; -   ;4891960;3788146;1103814; -   
Севастополь;ЮФО;2021;"      муниципальные
      органы
      испольнительной власти";32;10;13; -   ;4891960;3788146;1103814; -   
Севастополь;ЮФО;2021;"      муниципальные
      бюджетные
      учреждения";33; -   ; -   ; -   ; -   ; -   ; -   ; -   
Смоленская область;ЦФО;2021;Региональные структуры по работе с молодeжью, в том числе:;28;3;66; -   ;45679684;11430100;34249584; -   
Смоленская область;ЦФО;2021;"      региональный орган
      исполнительной власти";29;1;22; -   ;24158298;8205700;15952598; -   
Смоленская область;ЦФО;2021;"      бюджетные
      учреждения";30;2;44; -   ;21521386;3224400;18296986; -   
Смоленская область;ЦФО;2021;Муниципальные структуры по работе с молодeжью, в том числе:;31;29;49;7;22315449;7240390;13597359;1477700
Смоленская область;ЦФО;2021;"      муниципальные
      органы
      испольнительной власти";32;27;38;2;18941804;7111145;10352959;1477700
Смоленская область;ЦФО;2021;"      муниципальные
      бюджетные
      учреждения";33;2;11;5;3373645;129245;3244400; -   
Ставропольский край;СКФО;2021;Региональные структуры по работе с молодeжью, в том числе:;28;2;27;18;27423960;9619509;17804451; -   
Ставропольский край;СКФО;2021;"      региональный орган
      исполнительной власти";29;1;6;3;1104000;1104000; -   ; -   
Ставропольский край;СКФО;2021;"      бюджетные
      учреждения";30;1;21;15;26319960;8515509;17804451; -   
Ставропольский край;СКФО;2021;Муниципальные структуры по работе с молодeжью, в том числе:;31;34;221;44;79401552;19425852;59975700; -   
Ставропольский край;СКФО;2021;"      муниципальные
      органы
      испольнительной власти";32;5;31;17;25901378;11936301;13965077; -   
Ставропольский край;СКФО;2021;"      муниципальные
      бюджетные
      учреждения";33;29;190;27;53500174;7489551;46010623; -   
Тамбовская область;ЦФО;2021;Региональные структуры по работе с молодeжью, в том числе:;28;2;47;29;20370920;6224000;14146920; -   
Тамбовская область;ЦФО;2021;"      региональный орган
      исполнительной власти";29;1;5;5;9908920;5974200;3934720; -   
Тамбовская область;ЦФО;2021;"      бюджетные
      учреждения";30;1;42;24;10462000;249800;10212200; -   
Тамбовская область;ЦФО;2021;Муниципальные структуры по работе с молодeжью, в том числе:;31;35;107;23;51724196;20572896;27907468;3243832
Тамбовская область;ЦФО;2021;"      муниципальные
      органы
      испольнительной власти";32;30;59;22;23955329;6251556;17703773; -   
Тамбовская область;ЦФО;2021;"      муниципальные
      бюджетные
      учреждения";33;5;48;1;27768867;14321340;10203695;3243832
Тверская область;ЦФО;2021;Региональные структуры по работе с молодeжью, в том числе:;28;2;36;2;162963948;130682974;25302086;6978888
Тверская область;ЦФО;2021;"      региональный орган
      исполнительной власти";29;1;15;1;130734680;115438984;15295696; -   
Тверская область;ЦФО;2021;"      бюджетные
      учреждения";30;1;21;1;32229268;15243990;10006390;6978888
Тверская область;ЦФО;2021;Муниципальные структуры по работе с молодeжью, в том числе:;31;48;156;15;83410148;33550701;46953689;2905758
Тверская область;ЦФО;2021;"      муниципальные
      органы
      испольнительной власти";32;42;64;9;42709029;28314582;14394447; -   
Тверская область;ЦФО;2021;"      муниципальные
      бюджетные
      учреждения";33;6;92;6;40701119;5236119;32559242;2905758
Томская область;СФО;2021;Региональные структуры по работе с молодeжью, в том числе:;28;2;15;10;35295600;30585786;4709814; -   
Томская область;СФО;2021;"      региональный орган
      исполнительной власти";29;1;5;5;30585786;30585786;;
Томская область;СФО;2021;"      бюджетные
      учреждения";30;1;10;5;4709814;;4709814;
Томская область;СФО;2021;Муниципальные структуры по работе с молодeжью, в том числе:;31;18;55;8;15889019;10924537;4964482; -   
Томская область;СФО;2021;"      муниципальные
      органы
      испольнительной власти";32;17;45;3;10997741;8871364;2126377;
Томская область;СФО;2021;"      муниципальные
      бюджетные
      учреждения";33;1;10;5;4891278;2053173;2838105;
Тульская область;ЦФО;2021;Региональные структуры по работе с молодeжью, в том числе:;28;4;184;13;210077341;33863380;99644931;76569030
Тульская область;ЦФО;2021;"      региональный орган
      исполнительной власти";29;1;12;1;15377174;300000;15077174; -   
Тульская область;ЦФО;2021;"      бюджетные
      учреждения";30;3;172;12;194700167;33563380;84567757;76569030
Тульская область;ЦФО;2021;Муниципальные структуры по работе с молодeжью, в том числе:;31;39;361;17;164646147;12756705;144381177;7508265
Тульская область;ЦФО;2021;"      муниципальные
      органы
      испольнительной власти";32;26;39;1;11837792;4086546;7751246; -   
Тульская область;ЦФО;2021;"      муниципальные
      бюджетные
      учреждения";33;13;322;16;152808355;8670159;136629931;7508265
Тюменская область;УФО;2021;Региональные структуры по работе с молодeжью, в том числе:;28;5;604;8;460498631;391423836;69074795; -   
Тюменская область;УФО;2021;"      региональный орган
      исполнительной власти";29;2;82;7; -   ; -   ; -   ; -   
Тюменская область;УФО;2021;"      бюджетные
      учреждения";30;3;522;1;460498631;391423836;69074795;
Тюменская область;УФО;2021;Муниципальные структуры по работе с молодeжью, в том числе:;31;72;1533;4;234724693;231118256;3314250;292187
Тюменская область;УФО;2021;"      муниципальные
      органы
      испольнительной власти";32;26;67;2;1628652;570800;1057852;
Тюменская область;УФО;2021;"      муниципальные
      бюджетные
      учреждения";33;46;1466;2;233096041;230547456;2256398;292187
Удмуртская Республика;ПФО;2021;Региональные структуры по работе с молодeжью, в том числе:;28;3;102;87;122382276;76000164;40911700;5470412
Удмуртская Республика;ПФО;2021;"      региональный орган
      исполнительной власти";29;1;8;8;29541369;29541369; -   ; -   
Удмуртская Республика;ПФО;2021;"      бюджетные
      учреждения";30;2;94;79;92840907;46458795;40911700;5470412
Удмуртская Республика;ПФО;2021;Муниципальные структуры по работе с молодeжью, в том числе:;31;49;617;155;245256834;142640500;99977873;2638461
Удмуртская Республика;ПФО;2021;"      муниципальные
      органы
      испольнительной власти";32;23;53;17;17949946;2593390;15356556; -   
Удмуртская Республика;ПФО;2021;"      муниципальные
      бюджетные
      учреждения";33;26;564;138;227306888;140047110;84621317;2638461
Ульяновская область;ПФО;2021;Региональные структуры по работе с молодeжью, в том числе:;28;2;82;82;60458307;42025850;18432457; -   
Ульяновская область;ПФО;2021;"      региональный орган
      исполнительной власти";29;1;9;9;31948407;23509000;8439407;
Ульяновская область;ПФО;2021;"      бюджетные
      учреждения";30;1;73;73;28509900;18516850;9993050;
Ульяновская область;ПФО;2021;Муниципальные структуры по работе с молодeжью, в том числе:;31;250;579;548;8482000;7094000;1068000;320000
Ульяновская область;ПФО;2021;"      муниципальные
      органы
      испольнительной власти";32;8;16;6;7200000;6214000;986000;
Ульяновская область;ПФО;2021;"      муниципальные
      бюджетные
      учреждения";33;242;563;542;1282000;880000;82000;320000
Хабаровский край;ДФО;2021;Региональные структуры по работе с молодeжью, в том числе:;28;4;363;14;439741947;180907867;238747715;20086365
Хабаровский край;ДФО;2021;"      региональный орган
      исполнительной власти";29;1;13; -   ;3755310;3755310; -   ; -   
Хабаровский край;ДФО;2021;"      бюджетные
      учреждения";30;3;350;14;435986637;177152557;238747715;20086365
Хабаровский край;ДФО;2021;Муниципальные структуры по работе с молодeжью, в том числе:;31;28;359;50;238772960;29617348;202318296;6837316
Хабаровский край;ДФО;2021;"      муниципальные
      органы
      испольнительной власти";32;15;61;11;32252007;11486820;20765187; -   
Хабаровский край;ДФО;2021;"      муниципальные
      бюджетные
      учреждения";33;13;298;39;206520953;18130528;181553109;6837316
Ханты-Мансийский автономный округ - Югра;УФО;2021;Региональные структуры по работе с молодeжью, в том числе:;28;3;227;33;500069354;248965200;246949500;4154654
Ханты-Мансийский автономный округ - Югра;УФО;2021;"      региональный орган
      исполнительной власти";29;1;6;6;188118454;178746800;9371654; -   
Ханты-Мансийский автономный округ - Югра;УФО;2021;"      бюджетные
      учреждения";30;2;221;27;311950900;70218400;237577846;4154654
Ханты-Мансийский автономный округ - Югра;УФО;2021;Муниципальные структуры по работе с молодeжью, в том числе:;31;48;1143;442;1197459642;241236041;921719143;34504458
Ханты-Мансийский автономный округ - Югра;УФО;2021;"      муниципальные
      органы
      испольнительной власти";32;21;117;37;163933126;22041337;141891789; -   
Ханты-Мансийский автономный округ - Югра;УФО;2021;"      муниципальные
      бюджетные
      учреждения";33;27;1026;405;1033526516;219194704;779827354;34504458
Челябинская область;УФО;2021;Региональные структуры по работе с молодeжью, в том числе:;28;2;36;36;127867880;91047650;36820230; -   
Челябинская область;УФО;2021;"      региональный орган
      исполнительной власти";29;1;19;19;102654500;80590750;22063750;
Челябинская область;УФО;2021;"      бюджетные
      учреждения";30;1;17;17;25213380;10456900;14756480;
Челябинская область;УФО;2021;Муниципальные структуры по работе с молодeжью, в том числе:;31;68;147;72;174581407;123802446;50778961; -   
Челябинская область;УФО;2021;"      муниципальные
      органы
      испольнительной власти";32;43;86;31;138768767;106212588;32556179;
Челябинская область;УФО;2021;"      муниципальные
      бюджетные
      учреждения";33;25;61;41;35812640;17589858;18222782;
Чеченская Республика;СКФО;2021;Региональные структуры по работе с молодeжью, в том числе:;28;4;139; -   ;23065902;12590000;10475902; -   
Чеченская Республика;СКФО;2021;"      региональный орган
      исполнительной власти";29;1;49; -   ;16272302;12590000;3682302; -   
Чеченская Республика;СКФО;2021;"      бюджетные
      учреждения";30;3;90; -   ;6793600; -   ;6793600; -   
Чеченская Республика;СКФО;2021;Муниципальные структуры по работе с молодeжью, в том числе:;31;17;35;6;130000;130000; -   ; -   
Чеченская Республика;СКФО;2021;"      муниципальные
      органы
      испольнительной власти";32;17;35;6;130000;130000; -   ; -   
Чеченская Республика;СКФО;2021;"      муниципальные
      бюджетные
      учреждения";33; -   ; -   ; -   ; -   ; -   ; -   ; -   
Чувашская Республика;ПФО;2021;Региональные структуры по работе с молодeжью, в том числе:;28;4;83;56;127200234;53599232;38097679;35503323
Чувашская Республика;ПФО;2021;"      региональный орган
      исполнительной власти";29;1;7;3;36171184;32455000;3716184;
Чувашская Республика;ПФО;2021;"      бюджетные
      учреждения";30;3;76;53;91029050;21144232;34381495;35503323
Чувашская Республика;ПФО;2021;Муниципальные структуры по работе с молодeжью, в том числе:;31;26;31;19;20510083;18112482;2397601; -   
Чувашская Республика;ПФО;2021;"      муниципальные
      органы
      испольнительной власти";32;26;31;19;20510083;18112482;2397601;
Чувашская Республика;ПФО;2021;"      муниципальные
      бюджетные
      учреждения";33;;;; -   ;;;
Чукотский автономный округ;ДФО;2021;Региональные структуры по работе с молодeжью, в том числе:;28;1;3;2;115915300;112016700;3898600; -   
Чукотский автономный округ;ДФО;2021;"      региональный орган
      исполнительной власти";29;1;3;2;115915300;112016700;3898600; -   
Чукотский автономный округ;ДФО;2021;"      бюджетные
      учреждения";30; -   ; -   ; -   ; -   ; -   ; -   ; -   
Чукотский автономный округ;ДФО;2021;Муниципальные структуры по работе с молодeжью, в том числе:;31;7;7;2;39086200;26990200;12096000; -   
Чукотский автономный округ;ДФО;2021;"      муниципальные
      органы
      испольнительной власти";32;7;7;2;39086200;26990200;12096000; -   
Чукотский автономный округ;ДФО;2021;"      муниципальные
      бюджетные
      учреждения";33; -   ; -   ; -   ; -   ; -   ; -   ; -   
Ямало-Ненецкий автономный округ;УФО;2021;Региональные структуры по работе с молодeжью, в том числе:;28;4;207; -   ;1064153104;632734997;431418107; -   
Ямало-Ненецкий автономный округ;УФО;2021;"      региональный орган
      исполнительной власти";29;1;37; -   ;618129104;470734202;147394902; -   
Ямало-Ненецкий автономный округ;УФО;2021;"      бюджетные
      учреждения";30;3;170; -   ;446024000;162000795;284023205; -   
Ямало-Ненецкий автономный округ;УФО;2021;Муниципальные структуры по работе с молодeжью, в том числе:;31;34;680;91;1296703930;229891027;1002479525;64333378
Ямало-Ненецкий автономный округ;УФО;2021;"      муниципальные
      органы
      испольнительной власти";32;13;90;28;342789776;54169839;224970221;63649716
Ямало-Ненецкий автономный округ;УФО;2021;"      муниципальные
      бюджетные
      учреждения";33;21;590;63;953914154;175721188;777509304;683662
Ярославская область;ЦФО;2021;Региональные структуры по работе с молодeжью, в том числе:;28;3;142;34;135859014;77976904;57882110; -   
Ярославская область;ЦФО;2021;"      региональный орган
      исполнительной власти";29;1;27;7;42931294;36438744;6492550;
Ярославская область;ЦФО;2021;"      бюджетные
      учреждения";30;2;115;27;92927720;41538160;51389560;
Ярославская область;ЦФО;2021;Муниципальные структуры по работе с молодeжью, в том числе:;31;40;356;63;133975670;26790881;102892110;4292679
Ярославская область;ЦФО;2021;"      муниципальные
      органы
      испольнительной власти";32;19;42;9;29322887;2639645;26277242;406000
Ярославская область;ЦФО;2021;"      муниципальные
      бюджетные
      учреждения";33;21;314;54;104652783;24151236;76614868;3886679
